77996042,6S9Q4A2K81,857258500,SVL45X0K0R,LRMB6AFO1I
99578891,5XH1EAKWLG,751337488,OKBMVX7APD,N4FVRLX9X1
93381650,H298XIAE4V,207801872,44RF7C2E55,IRUE0RUI1Q
63481370,S2FFC89V6O,845568540,HQ03QU276Z,SVNMUB09EM
68313629,S5D245XT6S,710703645,Y8KRXLW0T1,W6ILDVKL8O
53344798,LNZXO5IU25,544671261,EQPT1A3YHF,JLQ6UTOAPG
16325151,33ESWKQRES,317488161,2WHXLGJTUC,PZKGP43UCF
15621151,JLY0ZNNMHX,995736616,ZDLDJLJMIM,5C5OC38QC3
74524196,R9YN0IFSNW,196807721,5B5KN3JSOT,CS0WKF2H6V
64054311,O5JI6YEZ9Z,510459450,4617N1VHR0,3FOQYGOEFL
65107011,X2B8602RRT,805988419,DW0B03LYN7,JNFW2OJHLK
78476869,UEJV1JMSUQ,538736208,JLS39YPDAQ,8S26IMGYAA
37512263,EO4XEH4DTW,354348625,3QSEDZDJAP,TRPFW29J6H
41966161,87OAVV4FQ9,250905692,GTO74I903H,O1C4EJTW7J
30087254,YMP52WBJYG,273941597,954EBC6ETK,4PHUGFI6Q7
51662934,8O1H30TWRT,906730595,NQ6QL75BL1,YJRQ6CKIXM
54582359,NISMDS43DK,363005540,PUEHUGCQID,PXH6ZNJEJ0
21930588,K26RQQ197A,956337257,0XZI3KRD2W,SRJ2HESDHS
14013023,AOCR6MYWQ3,959910008,U9A0SSMXIH,OZJW0WXW39
95477866,DKKFCWLCM3,370797181,S8RJZDXAXV,ED2QAOP412
56608878,FMYWVPIZVG,319155325,BJPQ6V66C5,08PWXSDYJP
80130159,BDVA2VKW9O,977192574,MMNFQ0FW4G,QHSLJ69U6R
77849198,IJJSQ06VV3,370841217,N1U5460DJ6,CX18PN4WGN
35977842,5TCQLFRR14,127223946,37S9C5PDQS,EJYY716AZV
42333823,5XK9NFAGWM,486462092,14XQ5YH6AE,R1LVD350FX
4292744,FY0CKS1ICL,361265299,NLLMDELKJL,YLASTRERIH
47415955,9K60V3QG1X,576398998,VMUV3DPFMI,QO4RK6P0QP
20581523,SCRKA6YU58,872983193,54GT4F2D4D,BT1TGRV99K
9697948,8N7IXTRAXR,241383066,ZCCV77A8GK,HIFVXU63DG
16819364,XCZOOFYFHX,802714277,RL25YPNAGX,K0HCSX81X8
90176688,QJX8U1XGD8,631808677,E39Q9F212K,CD93525BYM
91867313,G9DE0MDZQN,838379687,2WUBEK3I0I,LFIHNV73GL
63879868,5MRM3P6SGH,439949482,XI5W0I1DB3,X58L5ZLN5R
53601473,ATBYQ2RX3I,963622059,R95IXAE8NP,5VYEVE3FUD
81278659,J35AZJCYOX,923984044,9VT7FN113E,46DNI4S4GG
54335176,FPZWLG9CPY,743385270,0MMY9Y63L8,LO91U84YHN
61988568,UZESQA60MI,466311867,T1VUGO2BUM,I3KYB90FJT
4472027,FZZE00LUCS,891054782,LRMRG04HH6,C44TR340HJ
70367454,LAYAFCF5PQ,420612803,XK0M1E2DT2,9BQQBTILST
39045861,HQADPRXP4X,924245701,D0Y8IYI40S,TF6WOQYYQV
92671718,77Q59GTXHT,691248350,EZI3GKA33I,K3UVULJ9AL
51578601,YRBSQ13X0E,758147808,SXZFRVTSX7,GMB6ABOV9Q
76169451,UCXO65PHN4,344020196,N65X18TS9A,ONRLCIR5Z6
66475761,VR7V18G75M,756103400,VPFVVGL40W,4A2U3LXR4L
87186679,SJGMD38I48,925213423,VZT7FZS2W6,0L4CR9GA5F
81370872,T1CTPGZY41,753870067,KIY8P5T82T,0UXKN07ZOM
96690939,VEZA0HJZZD,447404280,60AIHKTDGQ,GCNJZ4AESG
11089663,G4TUQ6JT2C,195746559,9NK73YLJBU,GVTL1YT1TQ
3450629,6M4F0Q1GIR,579069186,849R06Z0FQ,W73IKIUWON
78406407,YLPE76V0KE,206391555,XFMF0RZJXN,BKHAIRU4J9
31597834,7E0HBSSXHX,996625178,FSWPYKZRHL,T5FOG3VYJ3
26248970,V1J3RUWCHD,395791132,CI2TR5CPC6,SDB9Q0AY21
42414876,R22ZU93PUO,404850976,0Z2LHK097X,VF802Z40F0
85330725,TL4693LG3M,597682978,X0XX9W0YH4,7730Z38BRY
94888234,IY82HP60ZM,106940713,TBGE26GYV9,TK4SQ9RQO7
34755883,381ZNPQQ6L,328380732,XSWW4QM53K,FU2LIYJP8G
70648631,60J2EBYYZ0,389183809,YDAE5BNLCV,3PLG1WASGL
7032634,7M08E3VYV2,990893893,WK7LWZM4I6,5N1KGYGRIP
1450307,RAKMSC69CD,580052300,9QFA0R3VVN,3OVQXBMEFM
61099843,ZHEUJNTMGJ,282711886,X2BMOP95TJ,FJHQ3UU08Q
22010694,YBBWZGQP8P,765277520,LKW77TEHHS,VKQO5UWKJK
47262022,SJT4IGICXF,668435280,LSZ088TILK,YCK7JPPKZY
5069641,CU57HXH4VY,735169361,IJ8I8RURL9,4H80OB8BCI
98063693,52JJOEC5XB,900070739,HFBWGTKB6H,OW40SZG2J2
34081105,0AWGLDDA27,719754065,SPNA80JUPA,YPT4TEVRXO
9128786,0Q4F3CSCLZ,166866257,BSYIXJARID,Z7BEWHUQAV
92760405,VD8SN4SDB5,931171672,7U9UVHW8JZ,IEY89YFM08
23492441,3ZTXPSP6LL,937842523,VLTDS5SFB9,K43XQR40YF
91828058,X6K412LGX7,533090142,JCMXLS1ZJ7,WLBSASWAQA
35566429,9PAED62RST,904990563,EKIZH6R1H7,6DB5KTZB1R
96115551,FAZTT8NWEF,916144996,TW1LWQIV1Z,IOVLB6XE1Z
89911135,X80Y48ZXGH,262270826,CGNYJJ4J6O,CGX7F8IB1G
92770658,1CGI9Y3M4J,368235901,XK3GD740H6,2CP7V4UMNT
21995875,TEYSMK353C,986413447,G9TS3OAOEW,1GAYMJI4EF
56503657,CCQ0NBXUS0,613062030,PTAHKDHN7R,9CCQROFX0B
84249459,5QN2OAGYF0,675394458,XB4WPRZQF8,LS15FAUVMX
33379699,PQMDSSML5H,391436188,X5Z2V8140G,X2B67VD7CO
81242483,A832T3YMYU,507019165,TLOQJ2SHVB,KCULRAB36P
8549251,7VDHUU6KAJ,250333601,EZE3T5ELOY,8UK6NDV45N
52485001,S03JFM2VQM,659567012,CYFLEY9KP3,1HL8B5INBT
62198154,0LB0OBEG8O,320093605,5PS2XW8IR1,H3GT9C2RNI
28765584,CH17CTFTS5,527346086,0P0EBLZBZ8,OPAMF18FVX
97415064,SLM6NF4QLQ,853739431,GSB3YNFT72,RNJ0QIZCGR
72456088,219P2MYL8P,616253864,IUSDA2ZYT7,D2SQVC2SDP
26917278,VVP8XVUJ4Y,705769388,2VFMUC4W9T,PS8TSBL5OC
59933605,VVVNBE4QVQ,543380401,ATXWAHK7C5,K5TWZ5CSX0
6160808,FE03RM864I,301545908,944C7BUL4N,DVA7LTG83O
92554664,7PPZMOV8Y7,450249145,BQGYJTQ4G7,UPJQUIKCS7
52076971,JMML0PK0PD,428025787,1TEDS6ERRR,OKCFYYAHUF
79307196,QJ4Z4TCB09,299725755,Q6B0B59MH9,FY6CW0FKAV
79988670,1736DHSF8J,694480829,Z17BW67OQ4,WXJN2I0OWH
60570559,GQF61GYZTN,842612677,1Y1Z3RMB41,0LPCCB7RTV
46474692,5GBWGVOFBK,231473608,UTRL5JNXOQ,29VND49K90
1516501,679HAU5XXZ,727171533,5G5QDABKBP,VZH0026XKD
79897565,YORCA7R8L5,682977230,QL7NRHS00C,JUK9NAONRH
57286621,4AGX4LFBDN,228196311,WLW1XX6D8E,K2BB5PHDT1
2334181,80YVD0BKDH,948213743,KEBFME418V,CZ10ER2B3L
52750314,U0H5DA41T8,644889077,BLXDKKC1LO,NWO9X8P12Y
20568569,3DG905THO3,494948857,6SF5NOP7HS,EHTDPPGIFH
99635196,R7I8YOLXRG,605226492,E5TEJS97G4,BRZ35VDK8H